{
  "1": {
    "rounds": 39,
    "latest": {
      "round": 39,
      "hr@10": 1.0,
      "ndcg@10": 1.0
    },
    "avg_hr@10": 1.0,
    "avg_ndcg@10": 0.6709176547318686
  },
  "2": {
    "rounds": 40,
    "latest": {
      "round": 40,
      "hr@10": 1.0,
      "ndcg@10": 1.0
    },
    "avg_hr@10": 0.95,
    "avg_ndcg@10": 0.47126951821242413
  },
  "3": {
    "rounds": 40,
    "latest": {
      "round": 40,
      "hr@10": 0.0,
      "ndcg@10": 0.0
    },
    "avg_hr@10": 0.275,
    "avg_ndcg@10": 0.10659363696640552
  }
}